category_id,category_name,totalrevenue
1,Beverages,286526.95009565353
4,Dairy Products,251330.4997959137
6,Meat/Poultry,178188.80098581314
3,Confections,177099.10060071945
8,Seafood,141623.08918237686
2,Condiments,113694.74968147278
7,Produce,105268.6001739502
5,Grains/Cereals,100726.7999253273
